시군구,위계,광역구분,종속구분,도로명,고시일자,시점,종점,도로폭,도로고시길이,도로물리길이,기초간격,도로위계,총점,난이도등급
광진구,대로,행안부,주도로,천호대로,2010-03-15,광진구 중곡동 680-20,광진구 광장동 557-1,52,15510,3820.001,20,대로1류,0,상
광진구,로,시도,주도로,강변북로,2009-07-10,마포구 상암동 496-106(가양대교),광진구 광장동 594(광장동 시계),20,27950,6818.984,20,중로1류,4,중
광진구,로,시군구,주도로,강변역로,2009-10-28,구의동 245-8(광진우체국),구의동 658(세양아파트 입구),39,1126,1126.332,20,대로2류,4,중
광진구,로,시도,주도로,광나루로,2009-07-10,성동구 성수동1가 671(성동교남단),광진구 광장동 575-3(올림픽대교남단),38,6254,3491.494,20,대로2류,2,상
광진구,로,시군구,주도로,광장로,2009-10-28,광장동 401-17(양진중학교),광장동 334-12(광장육교),15,907,906.637,20,중로2류,6,하
광진구,로,시군구,주도로,구의강변로,2010-06-03,자양동 813-0(구의 빗물펌프장),구의동 199-18(삼성쉐르빌ⓐ),23,1090,1090.394,20,중로1류,6,하
광진구,로,시군구,주도로,구의로,2009-10-28,구의동 244-50(KT광진지사),구의동 228-1(구의시장앞),15,767,767.226,20,중로2류,6,하
광진구,로,시도,주도로,구천면로,2010-04-22,광진구 광장동 303-111(광진교남단),강동구 상일동444-1(상일동길),23,7050,466.42,20,중로1류,4,중
광진구,로,시군구,주도로,군자로,2009-10-28,"군자동 503(구, 민중병원 앞)",군자동 478-1(군자역),11,1917,1916.881,20,소로1류,7,하
광진구,로,시군구,주도로,긴고랑로,2009-10-28,중곡동 238-5(중곡펌프장),중곡동 143-146(아차산긴고랑입구),22,2149,2148.82,20,중로1류,6,하
광진구,로,시군구,주도로,능동로,2009-07-10,광진구 자양동 824(청담대교 북단),광진구 중곡동 169-80(중곡SK아파트),32,4510,4509.589,20,대로2류,4,중
광진구,로,행안부,주도로,동부간선로,2017-01-02,서울시 성동구 강변북로 140,경기도 의정부시 동일로 260,20,23700,1426.343,20,중로1류,3,중
광진구,로,행안부,주도로,동일로,2010-07-10,성동구 성수동2가 159-16,경기도 양주시 마전동 118-8,34,28595,4642.292,20,대로2류,1,상
광진구,로,시도,주도로,뚝섬로,2010-04-22,서울특별시 성동구 옥수동 168-1(용산구 경계),서울특별시 광진구 구의동 593-18(동서울호텔 앞),18,6750,2896.502,20,중로2류,4,중
광진구,로,시도,주도로,면목로,2010-04-22,광진구 군자동 64-2,광진구 중곡동 546,14,5100,2050.58,20,중로3류,5,중
광진구,로,행안부,주도로,아차산로,2009-07-10,광진구 화양동 507-7,광진구 광장동 2-6,37,12710,5761.108,20,대로2류,1,상
광진구,로,시군구,주도로,영화사로,2009-10-28,중곡동 79-2(중곡사거리),광장동 383-12(아차산생태공원입구),15,1599,1599.433,20,중로2류,6,하
광진구,로,시도,주도로,용마산로,2009-07-10,광진구 중곡동 471-2,광진구 중곡동  606-1,29,7303,1943.994,20,대로3류,2,상
광진구,로,시군구,주도로,워커힐로,2009-10-28,광장동 530-1(광장삼거리),광장동 363-2(워커힐 입구),11,1776,1776.104,20,소로1류,7,하
광진구,로,시군구,주도로,자양로,2009-07-10,광진구 자양동 571(잠실대교 북단),광진구 구의동 27-34,27,3283,3282.968,20,대로3류,4,중
광진구,로,시군구,주도로,자양번영로,2009-10-28,자양동 591-12(자양육관문),자양동 794(자양교회 삼거리),28,959,959.29,20,대로3류,4,중
광진구,길,시군구,주도로,강변역로2길,2010-06-03,구의동 587-21,구의동 587-56,5,204,203.557,10,소로3류,8,하
광진구,길,시군구,주도로,강변역로4길,2010-06-03,구의동 546-11,구의동 546-10,27,647,647.054,10,대로3류,4,중
광진구,길,시군구,주도로,광나루로12길,2010-06-03,화양동 21-49,화양동 23-42,6,194,194.212,10,소로3류,8,하
광진구,길,시군구,주도로,광나루로13길,2010-06-03,군자동 356-6,군자동 354-0,6,222,221.665,10,소로3류,8,하
광진구,길,시군구,주도로,광나루로14길,2010-06-03,화양동 18-32,화양동 20-28,6,211,210.5,10,소로3류,8,하
광진구,길,시군구,주도로,광나루로15길,2010-06-03,군자동 358-9,군자동 345-6,7,366,365.887,10,소로3류,8,하
광진구,길,시군구,주도로,광나루로16길,2010-06-03,화양동 18-9,화양동 19-27,5,224,223.671,10,소로3류,8,하
광진구,길,시군구,주도로,광나루로17길,2010-06-03,군자동 361-23,군자동 369-9,5,175,175.141,10,소로3류,8,하
광진구,길,시군구,주도로,광나루로18길,2010-06-03,화양동 192-0,화양동 111-139,7,132,122.733,10,소로3류,8,하
광진구,길,시군구,주도로,광나루로19길,2010-06-03,군자동 373-8,군자동 366-12,6,313,312.972,10,소로3류,8,하
광진구,길,시군구,주도로,광나루로20가길,2010-06-03,화양동 499-59,화양동 500-3,4,111,110.918,10,소로3류,8,하
광진구,길,시군구,주도로,광나루로20길,2010-06-03,화양동 111-256,화양동 499-53,5,251,251.322,10,소로3류,8,하
광진구,길,시군구,주도로,광나루로22가길,2010-06-03,화양동 499-23,화양동 495-23,5,146,145.935,10,소로3류,8,하
광진구,길,시군구,주도로,광나루로22길,2010-06-03,화양동 499-1,화양동 499-84,7,128,128.126,10,소로3류,8,하
광진구,길,시군구,주도로,광나루로22나길,2010-06-03,화양동 499-44,화양동 503-4,4,167,167.386,10,소로3류,8,하
광진구,길,시군구,주도로,광나루로24길,2010-06-03,화양동 498-8,화양동 302-4,8,441,440.641,10,소로2류,7,하
광진구,길,시군구,주도로,광나루로26길,2010-06-03,화양동 495-9,화양동 478-3,5,219,218.525,10,소로3류,8,하
광진구,길,시군구,주도로,광나루로28길,2010-06-03,화양동 478-2,화양동 435-1,4,126,126.222,10,소로3류,8,하
광진구,길,시군구,주도로,광나루로30가길,2010-06-03,구의동 633-9,구의동 634-13,4,173,172.993,10,소로3류,8,하
광진구,길,시군구,주도로,광나루로30길,2010-06-03,구의동 633-1,화양동 307-0,8,415,415.107,10,소로2류,7,하
광진구,길,시군구,주도로,광나루로30나길,2010-06-03,구의동 640-3,구의동 635-5,6,179,178.621,10,소로3류,8,하
광진구,길,시군구,주도로,광나루로30다길,2010-06-03,구의동 641-4,구의동 646-5,5,183,182.808,10,소로3류,8,하
광진구,길,시군구,주도로,광나루로32길,2010-06-03,구의동 253-47,구의동 253-62,4,92,92.481,10,소로3류,8,하
광진구,길,시군구,주도로,광나루로34길,2010-06-03,구의동 253-7,구의동 253-31,4,111,110.595,10,소로3류,8,하
광진구,길,시군구,주도로,광나루로35길,2010-06-03,구의동 68-11,구의동 69-34,6,313,313.125,10,소로3류,8,하
광진구,길,시군구,주도로,광나루로36길,2010-06-03,구의동 234-1,구의동 250-4,13,404,403.599,10,중로3류,7,하
광진구,길,시군구,주도로,광나루로37길,2010-06-03,구의동 67-37,구의동 65-45,9,268,268.009,10,소로2류,7,하
광진구,길,시군구,주도로,광나루로38길,2010-06-03,구의동 230-19,구의동 249-22,7,449,449.026,10,소로3류,8,하
광진구,길,시군구,주도로,광나루로39길,2010-06-03,구의동 66-58,구의동 66-36,4,90,91.7,10,소로3류,8,하
광진구,길,시군구,주도로,광나루로40길,2010-06-03,구의동 229-9,구의동 222-53,7,494,493.913,10,소로3류,8,하
광진구,길,시군구,주도로,광나루로43길,2010-06-03,구의동 125-11,구의동 120,5,229,218.392,10,소로3류,8,하
광진구,길,시군구,주도로,광나루로44길,2010-06-03,구의동 228-2,구의동 224-59,6,336,335.685,10,소로3류,8,하
광진구,길,시군구,주도로,광나루로46길,2010-06-03,구의동 203-9,구의동 207-36,6,297,297.466,10,소로3류,8,하
광진구,길,시군구,주도로,광나루로48길,2010-06-03,구의동 202-8,구의동 200-2,7,377,376.727,10,소로3류,8,하
광진구,길,시군구,주도로,광나루로50길,2010-06-03,구의동 202-6,구의동 250-11,6,144,144.474,10,소로3류,8,하
광진구,길,시군구,주도로,광나루로52길,2010-06-03,광장동 201-8,구의동 246-76,7,629,628.881,10,소로3류,8,하
광진구,길,시군구,주도로,광나루로54길,2010-06-03,구의동 199-3,구의동 214-6,8,512,512.495,10,소로2류,7,하
광진구,길,시군구,주도로,광나루로56길,2010-06-03,구의동 629-0,구의동 546-2,35,498,497.868,10,대로2류,4,중
광진구,길,시군구,주도로,광장로1가길,2010-06-03,광장동 394-21,광장동 383-0,6,255,254.603,10,소로3류,8,하
광진구,길,시군구,주도로,광장로1길,2010-06-03,광장동 258-36,광장동 355-8,7,274,273.848,10,소로3류,8,하
광진구,길,시군구,주도로,광장로1나길,2010-06-03,광장동 394-1,광장동 378-13,4,259,258.859,10,소로3류,8,하
광진구,길,시군구,주도로,광장로1다길,2010-06-03,광장동 355-2,광장동 378-11,7,376,375.689,10,소로3류,8,하
광진구,길,시군구,주도로,광장로3길,2010-06-03,광장동 285-7,광장동 258-4,7,137,137.243,10,소로3류,8,하
광진구,길,시군구,주도로,광장로5길,2010-06-03,광장동 285-7,광장동 350-1,6,128,128.487,10,소로3류,8,하
광진구,길,시군구,주도로,광장로7길,2010-06-03,광장동 280-1,광장동 350-2,7,165,165.042,10,소로3류,8,하
광진구,길,시군구,주도로,광장로9길,2010-06-03,광장동 332-7,광장동 276-2,4,146,145.189,10,소로3류,8,하
광진구,길,시군구,주도로,구의강변로1길,2010-06-03,자양동 695-0,자양동 690-33,9,504,504.031,10,소로2류,7,하
광진구,길,시군구,주도로,구의강변로3가길,2010-06-03,구의동 593-10,구의동 587-5,6,211,211.187,10,소로3류,8,하
광진구,길,시군구,주도로,구의강변로3길,2010-06-03,구의동 587-64,구의동 590,7,292,291.681,10,소로3류,8,하
광진구,길,시군구,주도로,구의강변로5길,2010-06-03,구의동 216-8,구의동 216-1,7,109,109.005,10,소로3류,8,하
광진구,길,시군구,주도로,구의강변로7길,2010-06-03,구의동 217-25,구의동 218-35,5,94,93.557,10,소로3류,8,하
광진구,길,시군구,주도로,구의로10길,2010-06-03,구의동 224-66,구의동 224-8,4,101,101.039,10,소로3류,8,하
광진구,길,시군구,주도로,구의로11길,2010-06-03,구의동 226-24,구의동 231-34,4,207,207.48,10,소로3류,8,하
광진구,길,시군구,주도로,구의로12길,2010-06-03,구의동 227-39,구의동 227-29,4,123,123.341,10,소로3류,8,하
광진구,길,시군구,주도로,구의로14길,2010-06-03,구의동 227-6,구의동 227-22,5,52,51.694,10,소로3류,8,하
광진구,길,시군구,주도로,구의로16길,2010-06-03,구의동 228-16,구의동 201-14,7,501,500.625,10,소로3류,8,하
광진구,길,시군구,주도로,구의로1길,2010-06-03,구의동 221-5,구의동 242-19,5,257,256.742,10,소로3류,8,하
광진구,길,시군구,주도로,구의로3길,2010-06-03,구의동 221-12,구의동 241-91,4,257,256.743,10,소로3류,8,하
광진구,길,시군구,주도로,구의로4길,2010-06-03,구의동 223-65,구의동 207-52,7,392,392.132,10,소로3류,8,하
광진구,길,시군구,주도로,구의로6길,2010-06-03,구의동 224-27,구의동 208-74,6,210,209.801,10,소로3류,8,하
광진구,길,시군구,주도로,구의로8길,2010-06-03,구의동 224-12,구의동 224-57,4,100,99.731,10,소로3류,8,하
광진구,길,시군구,주도로,구의로9길,2010-06-03,구의동 225-23,구의동 239-111,4,226,226.058,10,소로3류,8,하
광진구,길,시군구,주도로,군자로10길,2010-06-03,군자동 362-3,군자동 367-4,7,223,223.385,10,소로3류,8,하
광진구,길,시군구,주도로,군자로11길,2010-06-03,군자동 346-37,군자동 347-13,5,80,79.622,10,소로3류,8,하
광진구,길,시군구,주도로,군자로12길,2010-06-03,군자동 364-15,군자동 103-0,7,316,316.211,10,소로3류,8,하
광진구,길,시군구,주도로,군자로13길,2010-06-03,군자동 102-43,군자동 342-10,5,191,191.468,10,소로3류,8,하
광진구,길,시군구,주도로,군자로15길,2010-06-03,군자동 111-1,군자동 143-13,5,254,253.897,10,소로3류,8,하
광진구,길,시군구,주도로,군자로17길,2010-06-03,군자동 51-24,군자동 471-12,5,225,225.02,10,소로3류,8,하
광진구,길,시군구,주도로,군자로2길,2010-06-03,화양동 1-10,화양동 1-20,6,100,100.221,10,소로3류,8,하
광진구,길,시군구,주도로,군자로3길,2010-06-03,화양동 12-1,화양동 12-41,7,157,156.713,10,소로3류,8,하
광진구,길,시군구,주도로,군자로4길,2010-06-03,화양동 64-2,화양동 51-5,5,151,150.997,10,소로3류,8,하
광진구,길,시군구,주도로,군자로5길,2010-06-03,화양동 15-1,화양동 15-62,7,165,164.543,10,소로3류,8,하
광진구,길,시군구,주도로,군자로6길,2010-06-03,화양동 127-3,화양동 84-3,5,304,304.298,10,소로3류,8,하
광진구,길,시군구,주도로,군자로7길,2010-06-03,화양동 16-1,화양동 16-43,7,193,193.263,10,소로3류,8,하
광진구,길,시군구,주도로,군자로9길,2010-06-03,군자동 360-24,군자동 360-4,5,129,129.083,10,소로3류,8,하
광진구,길,시군구,주도로,긴고랑로10길,2010-06-03,중곡동 244-1,중곡동 258-10,7,311,311.381,10,소로3류,8,하
광진구,길,시군구,주도로,긴고랑로11길,2010-06-03,중곡동 241-16,중곡동 229-1,7,232,232.476,10,소로3류,8,하
광진구,길,시군구,주도로,긴고랑로12길,2010-06-03,중곡동 243-2,중곡동 259-12,7,312,312.244,10,소로3류,8,하
광진구,길,시군구,주도로,긴고랑로13길,2010-06-03,중곡동 241-34,중곡동 172-1,8,481,480.767,10,소로2류,7,하
광진구,길,시군구,주도로,긴고랑로14길,2010-06-03,중곡동 242-3,중곡동 647-13,9,475,475.441,10,소로2류,7,하
광진구,길,시군구,주도로,긴고랑로15길,2010-06-03,중곡동 40-13,중곡동 31-3,7,242,241.64,10,소로3류,8,하
광진구,길,시군구,주도로,긴고랑로16길,2010-06-03,중곡동 41-1,중곡동 160-14,7,470,469.797,10,소로3류,8,하
광진구,길,시군구,주도로,긴고랑로17길,2010-06-03,중곡동 39-49,중곡동 32-9,6,252,159.32,10,소로3류,8,하
광진구,길,시군구,주도로,긴고랑로19길,2010-06-03,중곡동 39-38,중곡동 33-43,7,265,264.772,10,소로3류,8,하
광진구,길,시군구,주도로,긴고랑로1길,2010-06-03,중곡동 238-3,중곡동 190-7,8,446,445.607,10,소로2류,7,하
광진구,길,시군구,주도로,긴고랑로20길,2010-06-03,중곡동 340-34,중곡동 141-34,5,451,450.663,10,소로3류,8,하
광진구,길,시군구,주도로,긴고랑로22길,2010-06-03,중곡동 46-18,중곡동 51-33,11,273,273.494,10,소로1류,7,하
광진구,길,시군구,주도로,긴고랑로23길,2010-06-03,중곡동 150-173,중곡동 37-1,6,137,136.832,10,소로3류,8,하
광진구,길,시군구,주도로,긴고랑로25길,2010-06-03,중곡동 149-37,중곡동 150-160,6,175,175.15,10,소로3류,8,하
광진구,길,시군구,주도로,긴고랑로26길,2010-06-03,중곡동 150-207,중곡동 54-19,7,275,274.553,10,소로3류,8,하
광진구,길,시군구,주도로,긴고랑로27길,2010-06-03,중곡동 150-183,중곡동 149-2,4,147,146.908,10,소로3류,8,하
광진구,길,시군구,주도로,긴고랑로29길,2010-06-03,중곡동 150-195,중곡동 35-65,8,400,399.705,10,소로2류,7,하
광진구,길,시군구,주도로,긴고랑로2길,2010-06-03,중곡동 249-28,중곡동 253-18,9,289,289.328,10,소로2류,7,하
광진구,길,시군구,주도로,긴고랑로30길,2010-06-03,중곡동 125-1,중곡동 124-59,7,245,244.617,10,소로3류,8,하
광진구,길,시군구,주도로,긴고랑로31길,2010-06-03,중곡동 56-17,중곡동 150-145,5,256,256.124,10,소로3류,8,하
광진구,길,시군구,주도로,긴고랑로33길,2010-06-03,중곡동 58-27,중곡동 58-15,6,169,168.599,10,소로3류,8,하
광진구,길,시군구,주도로,긴고랑로35길,2010-06-03,중곡동 58-25,중곡동 58-1,6,196,196.177,10,소로3류,8,하
광진구,길,시군구,주도로,긴고랑로36길,2010-06-03,중곡동 77-25,중곡동 100-17,8,374,373.55,10,소로2류,7,하
광진구,길,시군구,주도로,긴고랑로37길,2010-06-03,중곡동 62-35,중곡동 147-108,5,219,218.756,10,소로3류,8,하
광진구,길,시군구,주도로,긴고랑로38길,2010-06-03,중곡동 76-3,중곡동 76-13,7,168,168.384,10,소로3류,8,하
광진구,길,시군구,주도로,긴고랑로39길,2010-06-03,중곡동 63-23,중곡동 70-1,7,393,392.845,10,소로3류,8,하
광진구,길,시군구,주도로,긴고랑로3길,2010-06-03,중곡동 239-34,중곡동 234-15,7,235,235.492,10,소로3류,8,하
광진구,길,시군구,주도로,긴고랑로40길,2010-06-03,중곡동 71-1,중곡동 86-23,6,164,163.531,10,소로3류,8,하
광진구,길,시군구,주도로,긴고랑로41길,2010-06-03,중곡동 69-5,중곡동 67-32,6,78,78.329,10,소로3류,8,하
광진구,길,시군구,주도로,긴고랑로42길,2010-06-03,중곡동 75-1,중곡동 75-47,6,56,56.221,10,소로3류,8,하
광진구,길,시군구,주도로,긴고랑로44길,2010-06-03,중곡동 74-1,중곡동 74-46,7,215,215.394,10,소로3류,8,하
광진구,길,시군구,주도로,긴고랑로45길,2010-06-03,중곡동 72-58,중곡동 72-121,3,125,125.234,10,소로3류,9,하
광진구,길,시군구,주도로,긴고랑로46가길,2010-06-03,중곡동 73-48,중곡동 73-110,6,226,226.437,10,소로3류,8,하
광진구,길,시군구,주도로,긴고랑로46길,2010-06-03,중곡동 73-49,중곡동 73-16,7,103,102.764,10,소로3류,8,하
광진구,길,시군구,주도로,긴고랑로46나길,2010-06-03,중곡동 73-37,중곡동 73-67,5,126,125.859,10,소로3류,8,하
광진구,길,시군구,주도로,긴고랑로47길,2010-06-03,중곡동 72-63,중곡동 72-79,4,113,113.187,10,소로3류,8,하
광진구,길,시군구,주도로,긴고랑로49길,2010-06-03,중곡동 72-69,중곡동 72-86,5,148,147.898,10,소로3류,8,하
광진구,길,시군구,주도로,긴고랑로4길,2010-06-03,중곡동 248-3,중곡동 254-12,7,292,292.084,10,소로3류,8,하
광진구,길,시군구,주도로,긴고랑로5길,2010-06-03,중곡동 239-82,중곡동 233-1,7,235,234.971,10,소로3류,8,하
광진구,길,시군구,주도로,긴고랑로6길,2010-06-03,중곡동 247-7,중곡동 255-5,7,292,292.185,10,소로3류,8,하
광진구,길,시군구,주도로,긴고랑로7길,2010-06-03,중곡동 239-85,중곡동 198-1,6,554,554.062,10,소로3류,8,하
광진구,길,시군구,주도로,긴고랑로8길,2010-06-03,중곡동 246-8,중곡동 627-3,7,462,462.077,10,소로3류,8,하
광진구,길,시군구,주도로,긴고랑로9길,2010-06-03,중곡동 241-23,중곡동 193-1,7,412,411.938,10,소로3류,8,하
광진구,길,시군구,주도로,능동로10길,2010-06-03,자양동 227-8,자양동 578-7,15,589,588.56,10,중로2류,6,하
광진구,길,시군구,주도로,능동로11길,2010-06-03,화양동 5-43,화양동 5-29,4,81,81.067,10,소로3류,8,하
광진구,길,시군구,주도로,능동로13길,2010-06-03,화양동 5-1,화양동 31-11,9,622,621.507,10,소로2류,7,하
광진구,길,시군구,주도로,능동로15길,2010-06-03,화양동 2-9,화양동 1-20,6,176,175.971,10,소로3류,8,하
광진구,길,시군구,주도로,능동로16길,2010-06-03,화양동 39-4,화양동 495-19,6,334,333.519,10,소로3류,8,하
광진구,길,시군구,주도로,능동로17길,2010-06-03,화양동 94-59,화양동 132-64,7,314,319.138,10,소로3류,8,하
광진구,길,시군구,주도로,능동로19길,2010-06-03,화양동 111-204,화양동 132-64,9,321,321.233,10,소로2류,7,하
광진구,길,시군구,주도로,능동로1길,2010-06-03,자양동 74-14,자양동 87-1,8,176,176.299,10,소로2류,7,하
광진구,길,시군구,주도로,능동로21길,2010-06-03,군자동 273,군자동 149-11,7,385,387.349,10,소로3류,8,하
광진구,길,시군구,주도로,능동로23길,2010-06-03,군자동 270,군자동 28-1,7,227,227.365,10,소로3류,8,하
광진구,길,시군구,주도로,능동로24길,2010-06-03,능동 315-9,능동 232-1,7,537,536.953,10,소로3류,8,하
광진구,길,시군구,주도로,능동로25길,2010-06-03,군자동 242-0,군자동 149-8,6,344,344.443,10,소로3류,8,하
광진구,길,시군구,주도로,능동로26길,2010-06-03,능동 283-6,능동 313-8,7,183,182.538,10,소로3류,8,하
광진구,길,시군구,주도로,능동로27가길,2010-06-03,군자동 27-23,군자동 28-5,7,204,203.532,10,소로3류,8,하
광진구,길,시군구,주도로,능동로27길,2010-06-03,군자동 27-2,군자동 70-3,6,220,220.114,10,소로3류,8,하
광진구,길,시군구,주도로,능동로27나길,2010-06-03,군자동 71-1,군자동 73,4,237,237.065,10,소로3류,8,하
광진구,길,시군구,주도로,능동로28길,2010-06-03,능동 283-30,능동 389-6,5,214,213.755,10,소로3류,8,하
광진구,길,시군구,주도로,능동로29가길,2010-06-03,군자동 45-12,군자동 45-1,7,138,138.148,10,소로3류,8,하
광진구,길,시군구,주도로,능동로29길,2010-06-03,군자동 2-12,군자동 2-20,7,127,126.623,10,소로3류,8,하
광진구,길,시군구,주도로,능동로30길,2010-06-03,능동 282-6,능동 389-3,6,245,245.054,10,소로3류,8,하
광진구,길,시군구,주도로,능동로31길,2010-06-03,군자동 1-1,군자동 475-1,6,167,167.241,10,소로3류,8,하
광진구,길,시군구,주도로,능동로32길,2010-06-03,능동 282-1,능동 257-25,8,869,869.325,10,소로2류,7,하
광진구,길,시군구,주도로,능동로34길,2010-06-03,능동 279-4,능동 254-7,6,859,859.401,10,소로3류,8,하
광진구,길,시군구,주도로,능동로35길,2010-06-03,군자동 477-19,군자동 471-12,9,245,245.016,10,소로2류,7,하
광진구,길,시군구,주도로,능동로36길,2010-06-03,능동 276-4,능동 256-5,8,954,954.326,10,소로2류,7,하
광진구,길,시군구,주도로,능동로37길,2010-06-03,중곡동 649-8,중곡동 639-1,9,245,244.994,10,소로2류,7,하
광진구,길,시군구,주도로,능동로38길,2010-06-03,중곡동 158-19,중곡동 142-36,8,230,229.591,10,소로2류,7,하
광진구,길,시군구,주도로,능동로39길,2010-06-03,중곡동 648-17,중곡동 640-1,7,245,244.873,10,소로3류,8,하
광진구,길,시군구,주도로,능동로3가길,2010-06-03,자양동 831-1,자양동 84-1,6,174,174.008,10,소로3류,8,하
광진구,길,시군구,주도로,능동로3길,2010-06-03,자양동 829-0,자양동 57-86,9,427,427.328,10,소로2류,7,하
광진구,길,시군구,주도로,능동로3나길,2010-06-03,자양동 78-24,자양동 52-89,5,142,141.839,10,소로3류,8,하
광진구,길,시군구,주도로,능동로3다길,2010-06-03,자양동 79-14,자양동 92-1,7,202,202.225,10,소로3류,8,하
광진구,길,시군구,주도로,능동로3라길,2010-06-03,자양동 57-94,자양동 58-3,6,105,104.643,10,소로3류,8,하
광진구,길,시군구,주도로,능동로3마길,2010-06-03,자양동 81-0,자양동 52-109,5,80,80.193,10,소로3류,8,하
광진구,길,시군구,주도로,능동로40길,2010-06-03,중곡동 161-44,중곡동 141-27,7,230,229.856,10,소로3류,8,하
광진구,길,시군구,주도로,능동로41길,2010-06-03,중곡동 647-25,중곡동 643-1,7,245,244.791,10,소로3류,8,하
광진구,길,시군구,주도로,능동로42길,2010-06-03,중곡동 47-14,중곡동 53-31,6,412,412.428,10,소로3류,8,하
광진구,길,시군구,주도로,능동로43길,2010-06-03,중곡동 162-1,중곡동 257-8,8,245,244.721,10,소로2류,7,하
광진구,길,시군구,주도로,능동로44길,2010-06-03,중곡동 41-38,중곡동 44-9,8,230,230.063,10,소로2류,7,하
광진구,길,시군구,주도로,능동로46길,2010-06-03,중곡동 41-17,중곡동 44-2,4,230,230.192,10,소로3류,8,하
광진구,길,시군구,주도로,능동로47길,2010-06-03,중곡동 164-1,중곡동 241-1,7,244,244.009,10,소로3류,8,하
광진구,길,시군구,주도로,능동로48가길,2010-06-03,중곡동 35-63,중곡동 35-47,5,190,190.182,10,소로3류,8,하
광진구,길,시군구,주도로,능동로48길,2010-06-03,중곡동 31-38,중곡동 150-107,6,431,430.684,10,소로3류,8,하
광진구,길,시군구,주도로,능동로49길,2010-06-03,중곡동 165-1,중곡동 230-14,7,245,244.603,10,소로3류,8,하
광진구,길,시군구,주도로,능동로4길,2010-06-03,자양동 553-28,자양동 447-9,9,483,483.027,10,소로2류,7,하
광진구,길,시군구,주도로,능동로50길,2010-06-03,중곡동 165-1,중곡동 21-11,7,336,336.404,10,소로3류,8,하
광진구,길,시군구,주도로,능동로51길,2010-06-03,중곡동 166-34,중곡동 193-26,7,244,244.064,10,소로3류,8,하
광진구,길,시군구,주도로,능동로53길,2010-06-03,중곡동 167-1,중곡동 172-59,7,244,244.229,10,소로3류,8,하
광진구,길,시군구,주도로,능동로55길,2010-06-03,중곡동 168-1,중곡동 170-24,9,281,281.033,10,소로2류,7,하
광진구,길,시군구,주도로,능동로57길,2010-06-03,중곡동 169-41,중곡동 169-58,4,171,190.99,10,소로3류,8,하
광진구,길,시군구,주도로,능동로59길,2010-06-03,중곡동 169-8,중곡동 169-21,9,285,285.428,10,소로2류,7,하
광진구,길,시군구,주도로,능동로5길,2010-06-03,자양동 508-1,자양동 553-57,8,320,319.622,10,소로2류,7,하
광진구,길,시군구,주도로,능동로6길,2010-06-03,자양동 504-0,자양동 504-1,9,161,161.256,10,소로2류,7,하
광진구,길,시군구,주도로,능동로7길,2010-06-03,자양동 784-1,자양동 845-1,8,348,347.987,10,소로2류,7,하
광진구,길,시군구,주도로,능동로8길,2010-06-03,자양동 510-5,자양동 515-1,8,160,159.577,10,소로2류,7,하
광진구,길,시군구,주도로,능동로9길,2022-02-28,자양동 861-4,자양동 847-15,6,171,171.366,10,소로3류,8,하
광진구,길,시군구,주도로,답십리로74길,2010-06-03,중곡동 582-3,중곡동 583-11,4,79,100.108,10,소로3류,8,하
광진구,길,시군구,주도로,답십리로76길,2010-06-03,중곡동 580-0,중곡동 585-3,8,151,150.514,10,소로2류,7,하
광진구,길,시군구,주도로,답십리로78길,2010-06-03,중곡동 566-1,중곡동 177-32,8,276,276.423,10,소로2류,7,하
광진구,길,시군구,주도로,답십리로80길,2010-06-03,중곡동 564-1,중곡동 569-4,4,107,106.744,10,소로3류,8,하
광진구,길,시군구,주도로,답십리로82길,2010-06-03,중곡동 561-2,중곡동 211-20,8,241,241.485,10,소로2류,7,하
광진구,길,시군구,주도로,답십리로84길,2010-06-03,중곡동 552-1,중곡동 198-39,8,288,288.072,10,소로2류,7,하
광진구,길,시군구,주도로,답십리로86길,2010-06-03,중곡동 548-11,중곡동 197-3,6,232,231.968,10,소로3류,8,하
광진구,길,시군구,주도로,답십리로88길,2010-06-03,중곡동 542-1,중곡동 195-11,6,209,209.274,10,소로3류,8,하
광진구,길,시군구,주도로,동일로10가길,2010-06-03,자양동 835-19,자양동 832-33,4,148,148.02,10,소로3류,8,하
광진구,길,시군구,주도로,동일로10길,2010-06-03,자양동 249-5,자양동 843-11,8,315,315.412,10,소로2류,7,하
광진구,길,시군구,주도로,동일로10나길,2010-06-03,자양동 836-16,자양동 839-6,5,149,148.746,10,소로3류,8,하
광진구,길,시군구,주도로,동일로10다길,2010-06-03,자양동 40-41,자양동 842-14,5,138,138.442,10,소로3류,8,하
광진구,길,시군구,주도로,동일로12길,2010-06-03,자양동 250-70,자양동 25-1,6,167,167.11,10,소로3류,8,하
광진구,길,시군구,주도로,동일로14길,2010-06-03,자양동 250-21,자양동 249-27,4,144,144.375,10,소로3류,8,하
광진구,길,시군구,주도로,동일로16길,2010-06-03,자양동 251-64,자양동 832-30,6,171,171.003,10,소로3류,8,하
광진구,길,시군구,주도로,동일로18가길,2010-06-03,자양동 12-28,자양동 840-14,6,181,180.682,10,소로3류,8,하
광진구,길,시군구,주도로,동일로18길,2010-06-03,자양동 24-19,자양동 2-53,12,651,650.96,10,중로3류,7,하
광진구,길,시군구,주도로,동일로18나길,2010-06-03,자양동 11-10,자양동 841-9,5,163,162.749,10,소로3류,8,하
광진구,길,시군구,주도로,동일로20길,2010-06-03,자양동 23-3,자양동 1-2,9,640,639.999,10,소로2류,7,하
광진구,길,시군구,주도로,동일로22길,2010-06-03,화양동 42-16,화양동 5-47,8,635,635.245,10,소로2류,7,하
광진구,길,시군구,주도로,동일로24길,2010-06-03,화양동 234-0,화양동 11-9,6,541,541.432,10,소로3류,8,하
광진구,길,시군구,주도로,동일로26길,2010-06-03,화양동 41-3,화양동 33-43,6,337,336.905,10,소로3류,8,하
광진구,길,시군구,주도로,동일로28길,2010-06-03,화양동 23-40,화양동 16-86,6,367,367.305,10,소로3류,8,하
광진구,길,시군구,주도로,동일로2길,2010-06-03,자양동 210-22,자양동 57-82,9,266,265.685,10,소로2류,7,하
광진구,길,시군구,주도로,동일로30길,2010-06-03,화양동 21-15,화양동 18-26,7,286,286.435,10,소로3류,8,하
광진구,길,시군구,주도로,동일로32길,2010-06-03,군자동 354-5,군자동 352-8,7,132,132.374,10,소로3류,8,하
광진구,길,시군구,주도로,동일로34길,2010-06-03,군자동 350-8,군자동 346-21,8,216,216.248,10,소로2류,7,하
광진구,길,시군구,주도로,동일로36길,2010-06-03,군자동 349-3,군자동 349-9,5,147,146.89,10,소로3류,8,하
광진구,길,시군구,주도로,동일로38길,2010-06-03,군자동 344-1,군자동 343-17,7,171,170.817,10,소로3류,8,하
광진구,길,시군구,주도로,동일로40길,2010-06-03,군자동 341-47,군자동 342-20,5,193,192.787,10,소로3류,8,하
광진구,길,시군구,주도로,동일로42길,2010-06-03,군자동 125-54,군자동 125-36,5,137,136.519,10,소로3류,8,하
광진구,길,시군구,주도로,동일로44길,2010-06-03,군자동 125-23,군자동 125-111,4,139,138.781,10,소로3류,8,하
광진구,길,시군구,주도로,동일로46길,2010-06-03,군자동 127-18,군자동 125-193,5,145,144.602,10,소로3류,8,하
광진구,길,시군구,주도로,동일로48길,2010-06-03,군자동 130-8,군자동 130-36,5,227,227.209,10,소로3류,8,하
광진구,길,시군구,주도로,동일로4가길,2010-06-03,자양동 197-9,자양동 197-31,4,105,104.816,10,소로3류,8,하
광진구,길,시군구,주도로,동일로4길,2010-06-03,자양동 235-3,자양동 51-37,8,396,395.935,10,소로2류,7,하
광진구,길,시군구,주도로,동일로50길,2010-06-03,군자동 134-53,군자동 116-1,7,243,243.039,10,소로3류,8,하
광진구,길,시군구,주도로,동일로52길,2010-06-03,군자동 134-53,군자동 146-10,7,230,230.314,10,소로3류,8,하
광진구,길,시군구,주도로,동일로54길,2010-06-03,군자동 134-33,군자동 144-10,5,119,118.652,10,소로3류,8,하
광진구,길,시군구,주도로,동일로56가길,2010-06-03,군자동 158-6,군자동 117-11,7,180,179.611,10,소로3류,8,하
광진구,길,시군구,주도로,동일로56길,2010-06-03,군자동 194-2,군자동 48-19,7,329,329.077,10,소로3류,8,하
광진구,길,시군구,주도로,동일로56나길,2010-06-03,군자동 157-6,군자동 36-0,4,121,120.743,10,소로3류,8,하
광진구,길,시군구,주도로,동일로56다길,2010-06-03,군자동 58-12,군자동 35-1,6,128,127.8,10,소로3류,8,하
광진구,길,시군구,주도로,동일로56라길,2010-06-03,군자동 60-76,군자동 60-46,4,132,131.968,10,소로3류,8,하
광진구,길,시군구,주도로,동일로58길,2010-06-03,군자동 464-6,군자동 465-38,6,249,248.781,10,소로3류,8,하
광진구,길,시군구,주도로,동일로60길,2010-06-03,군자동 463-3,군자동 467-18,9,321,321.115,10,소로2류,7,하
광진구,길,시군구,주도로,동일로62길,2010-06-03,중곡동 613-7,중곡동 625-9,8,319,319.021,10,소로2류,7,하
광진구,길,시군구,주도로,동일로64길,2010-06-03,중곡동 614-4,중곡동 624-20,6,252,251.984,10,소로3류,8,하
광진구,길,시군구,주도로,동일로66길,2010-06-03,중곡동 252-6,중곡동 256-7,7,316,316.088,10,소로3류,8,하
광진구,길,시군구,주도로,동일로68길,2010-06-03,중곡동 249-20,중곡동 245-6,7,315,314.62,10,소로3류,8,하
광진구,길,시군구,주도로,동일로70길,2010-06-03,중곡동 235-7,중곡동 231-8,7,312,312.057,10,소로3류,8,하
광진구,길,시군구,주도로,동일로72길,2010-06-03,중곡동 190-37,중곡동 192-28,7,311,310.962,10,소로3류,8,하
광진구,길,시군구,주도로,동일로74길,2010-06-03,중곡동 190-4,중곡동 191-37,5,254,256.941,10,소로3류,8,하
광진구,길,시군구,주도로,동일로76가길,2010-06-03,중곡동 187-11,중곡동 181-2,8,319,318.894,10,소로2류,7,하
광진구,길,시군구,주도로,동일로76길,2010-06-03,중곡동 187-12,중곡동 691-9,10,353,352.571,10,소로1류,7,하
광진구,길,시군구,주도로,동일로76나길,2010-06-03,중곡동 696-8,중곡동 684-9,4,208,207.729,10,소로3류,8,하
광진구,길,시군구,주도로,동일로78길,2010-06-03,중곡동 181-14,중곡동 175-27,7,310,309.555,10,소로3류,8,하
광진구,길,시군구,주도로,동일로80길,2010-06-03,중곡동 589-5,중곡동 572-4,6,251,250.521,10,소로3류,8,하
광진구,길,시군구,주도로,뚝섬로22가길,2010-06-03,자양동 202-41,자양동 52-105,7,335,334.786,10,소로3류,8,하
광진구,길,시군구,주도로,뚝섬로22길,2010-06-03,자양동 238-10,자양동 57-156,7,474,473.504,10,소로3류,8,하
광진구,길,시군구,주도로,뚝섬로23가길,2010-06-03,자양동 843-8,자양동 841-13,6,191,191.193,10,소로3류,8,하
광진구,길,시군구,주도로,뚝섬로23길,2023-01-19,자양동 843-11,자양동 4-4,7,390,390.158,10,소로3류,8,하
광진구,길,시군구,주도로,뚝섬로24길,2010-06-03,자양동 52-6,자양동 57-8,9,426,426.189,10,소로2류,7,하
광진구,길,시군구,주도로,뚝섬로25가길,2010-06-03,자양동553-130,자양동 553-175,3,79,78.955,10,소로3류,9,하
광진구,길,시군구,주도로,뚝섬로25길,2010-06-03,자양동 45-1,자양동 44-1,7,131,130.75,10,소로3류,8,하
광진구,길,시군구,주도로,뚝섬로26길,2010-06-03,자양동45-46,자양동 48-55,3,31,334.778,10,소로3류,9,하
광진구,길,시군구,주도로,뚝섬로27길,2010-06-03,자양동 553-323,자양동 11-1,6,351,350.965,10,소로3류,8,하
광진구,길,시군구,주도로,뚝섬로28길,2010-06-03,자양동 45-34,자양동 48-55,4,280,297.615,10,소로3류,8,하
광진구,길,시군구,주도로,뚝섬로29길,2010-06-03,자양동 553-15,자양동 553-396,5,186,185.656,10,소로3류,8,하
광진구,길,시군구,주도로,뚝섬로30가길,2010-06-03,자양동 47-1,자양동 52-89,5,143,142.691,10,소로3류,8,하
광진구,길,시군구,주도로,뚝섬로30길,2010-06-03,자양동 553-276,자양동 553-651,9,287,287.333,10,소로2류,7,하
광진구,길,시군구,주도로,뚝섬로31가길,2010-06-03,자양동 553-202,자양동 553-9,5,126,126.347,10,소로3류,8,하
광진구,길,시군구,주도로,뚝섬로31길,2010-06-03,자양동 553-203,자양동 4-1,9,319,319.303,10,소로2류,7,하
광진구,길,시군구,주도로,뚝섬로32가길,2010-06-03,자양동 48-53,자양동 48-38,5,79,79.321,10,소로3류,8,하
광진구,길,시군구,주도로,뚝섬로32길,2010-06-03,자양동 553-329,자양동 64-11,9,234,328.711,10,소로2류,7,하
광진구,길,시군구,주도로,뚝섬로33길,2010-06-03,자양동 507-6,자양동 533-2,9,256,256.457,10,소로2류,7,하
광진구,길,시군구,주도로,뚝섬로34길,2010-06-03,자양동 553-473,자양동 854,8,440,439.611,10,소로2류,7,하
광진구,길,시군구,주도로,뚝섬로35길,2010-06-03,자양동 553-43,자양동 533-2,8,253,252.632,10,소로2류,7,하
광진구,길,시군구,주도로,뚝섬로36가길,2010-06-03,자양동 787,자양동 474-24,6,234,234.444,10,소로3류,8,하
광진구,길,시군구,주도로,뚝섬로36길,2010-06-03,자양동 553-502,자양동 809,11,434,433.954,10,소로1류,7,하
광진구,길,시군구,주도로,뚝섬로37길,2010-06-03,자양동 553-41,자양동 533-2,12,245,245.378,10,중로3류,7,하
광진구,길,시군구,주도로,뚝섬로38길,2010-06-03,자양동 559-19,자양동 464-1,6,153,153.292,10,소로3류,8,하
광진구,길,시군구,주도로,뚝섬로40길,2010-06-03,자양동 520-2,자양동 477-20,7,376,376.33,10,소로3류,8,하
광진구,길,시군구,주도로,뚝섬로41길,2010-06-03,자양동 520-9,자양동 578-7,10,224,223.984,10,소로1류,7,하
광진구,길,시군구,주도로,뚝섬로43길,2010-06-03,자양동 610-12,자양동 612-17,9,178,177.738,10,소로2류,7,하
광진구,길,시군구,주도로,뚝섬로44길,2010-06-03,자양동 608-17,자양동 591-0,6,302,302.069,10,소로3류,8,하
광진구,길,시군구,주도로,뚝섬로45길,2010-06-03,자양동 609-22,자양동 614-23,6,219,219.389,10,소로3류,8,하
광진구,길,시군구,주도로,뚝섬로46길,2010-06-03,자양동 607-17,자양동 705-0,9,407,406.962,10,소로2류,7,하
광진구,길,시군구,주도로,뚝섬로47길,2010-06-03,자양동 615-14,자양동 621-51,6,268,267.79,10,소로3류,8,하
광진구,길,시군구,주도로,뚝섬로48길,2010-06-03,자양동 607-13,자양동 705-0,7,412,411.58,10,소로3류,8,하
광진구,길,시군구,주도로,뚝섬로49길,2010-06-03,자양동 615-45,자양동 625-5,7,368,368.051,10,소로3류,8,하
광진구,길,시군구,주도로,뚝섬로50길,2010-06-03,자양동 606-17,자양동 594-0,7,269,269.359,10,소로3류,8,하
광진구,길,시군구,주도로,뚝섬로51길,2010-06-03,자양동 616-34,자양동 612-60,7,508,507.718,10,소로3류,8,하
광진구,길,시군구,주도로,뚝섬로52가길,2010-06-03,자양동 636-11,자양동 652-38,9,298,297.602,10,소로2류,7,하
광진구,길,시군구,주도로,뚝섬로52길,2010-06-03,자양동 636-10,자양동 642,16,417,417.414,10,중로2류,6,하
광진구,길,시군구,주도로,뚝섬로52나길,2010-06-03,자양동 637-3,자양동 650-6,6,332,332.269,10,소로3류,8,하
광진구,길,시군구,주도로,뚝섬로52다길,2010-06-03,자양동 639-0,자양동 650-42,6,250,249.893,10,소로3류,8,하
광진구,길,시군구,주도로,뚝섬로52라길,2010-06-03,자양동 639-11,자양동 666-0,9,377,376.56,10,소로2류,7,하
광진구,길,시군구,주도로,뚝섬로52마길,2010-06-03,자양동 640-1,자양동 670-0,7,403,402.662,10,소로3류,8,하
광진구,길,시군구,주도로,뚝섬로54길,2010-06-03,자양동 636-5,자양동 642-4,7,420,419.52,10,소로3류,8,하
광진구,길,시군구,주도로,뚝섬로55길,2010-06-03,자양동 653-34,자양동 617-3,8,283,282.574,10,소로2류,7,하
광진구,길,시군구,주도로,뚝섬로56가길,2010-06-03,자양동 670-0,자양동 673-0,7,344,344.258,10,소로3류,8,하
광진구,길,시군구,주도로,뚝섬로56길,2010-06-03,자양동 652-33,자양동 671-0,9,418,418.074,10,소로2류,7,하
광진구,길,시군구,주도로,뚝섬로57가길,2010-06-03,자양동 660-16,자양동 617-36,6,342,342.207,10,소로3류,8,하
광진구,길,시군구,주도로,뚝섬로57길,2010-06-03,자양동 661-20,자양동 624-45,6,338,337.646,10,소로3류,8,하
광진구,길,시군구,주도로,뚝섬로58가길,2010-06-03,자양동 663-21,자양동 650-6,7,205,204.78,10,소로3류,8,하
광진구,길,시군구,주도로,뚝섬로58길,2010-06-03,자양동 662-12,자양동 670-0,7,525,525.42,10,소로3류,8,하
광진구,길,시군구,주도로,뚝섬로59길,2010-06-03,자양동 659-32,자양동 612-60,6,448,447.642,10,소로3류,8,하
광진구,길,시군구,주도로,뚝섬로60길,2010-06-03,자양동 681-5,자양동 685-44,6,80,79.74,10,소로3류,8,하
광진구,길,시군구,주도로,뚝섬로62길,2010-06-03,자양동 682-29,자양동 692-0,7,345,344.877,10,소로3류,8,하
광진구,길,시군구,주도로,뚝섬로64길,2010-06-03,자양동 683-9,자양동 813-0,7,415,414.657,10,소로3류,8,하
광진구,길,시군구,주도로,뚝섬로66길,2010-06-03,자양동 694-2,자양동 813-0,9,454,454.223,10,소로2류,7,하
광진구,길,시군구,주도로,뚝섬로67가길,2010-06-03,구의동 592-24,구의동 591-3,4,101,100.841,10,소로3류,8,하
광진구,길,시군구,주도로,뚝섬로67길,2010-06-03,구의동 593-19,구의동 587-58,7,198,197.768,10,소로3류,8,하
광진구,길,시군구,주도로,면목로11길,2010-06-03,중곡동 192-1,중곡동 191-1,7,239,238.825,10,소로3류,8,하
광진구,길,시군구,주도로,면목로12길,2010-06-03,중곡동 170-25,중곡동 170-2,7,201,200.84,10,소로3류,8,하
광진구,길,시군구,주도로,면목로13길,2010-06-03,중곡동 175-27,중곡동 175-106,6,187,186.953,10,소로3류,8,하
광진구,길,시군구,주도로,면목로15길,2010-06-03,중곡동 211-24,중곡동 175-31,4,213,213.304,10,소로3류,8,하
광진구,길,시군구,주도로,면목로16길,2010-06-03,중곡동 199-27,중곡동 196-9,5,107,107.499,10,소로3류,8,하
광진구,길,시군구,주도로,면목로17길,2010-06-03,중곡동 210-1,중곡동 578-3,8,227,226.56,10,소로2류,7,하
광진구,길,시군구,주도로,면목로1길,2010-06-03,군자동 48-24,군자동 60-6,4,189,188.971,10,소로3류,8,하
광진구,길,시군구,주도로,면목로3길,2010-06-03,군자동 48-14,군자동 159-2,5,233,232.865,10,소로3류,8,하
광진구,길,시군구,주도로,면목로4길,2010-06-03,군자동 49-9,군자동 51-24,4,115,114.535,10,소로3류,8,하
광진구,길,시군구,주도로,면목로5길,2010-06-03,군자동 48-9,군자동 161-1,5,303,302.539,10,소로3류,8,하
광진구,길,시군구,주도로,면목로6길,2010-06-03,군자동 470-9,군자동 470-17,6,100,99.588,10,소로3류,8,하
광진구,길,시군구,주도로,면목로7길,2010-06-03,중곡동 629-7,중곡동 634-1,7,249,249.043,10,소로3류,8,하
광진구,길,시군구,주도로,면목로9길,2010-06-03,중곡동 622-8,중곡동 624-1,6,248,247.538,10,소로3류,8,하
광진구,길,시군구,주도로,아차산로21길,2010-06-03,화양동 50-1,화양동 24-3,7,577,577.248,10,소로3류,8,하
광진구,길,시군구,주도로,아차산로22길,2010-06-03,자양동 17-5,자양동 16-27,7,243,242.975,10,소로3류,8,하
광진구,길,시군구,주도로,아차산로23길,2010-06-03,화양동 49-20,화양동 31-11,7,533,532.63,10,소로3류,8,하
광진구,길,시군구,주도로,아차산로24길,2010-06-03,자양동 17-14,자양동 13-9,5,243,243.37,10,소로3류,8,하
광진구,길,시군구,주도로,아차산로25길,2010-06-03,화양동 49-12,화양동 36-1,7,418,418.379,10,소로3류,8,하
광진구,길,시군구,주도로,아차산로26길,2010-06-03,자양동 8-3,자양동 10-32,7,242,242.472,10,소로3류,8,하
광진구,길,시군구,주도로,아차산로27길,2010-06-03,화양동 48-3,화양동 35-1,7,418,417.95,10,소로3류,8,하
광진구,길,시군구,주도로,아차산로28길,2010-06-03,자양동 8-4,자양동 9-33,5,243,242.603,10,소로3류,8,하
광진구,길,시군구,주도로,아차산로29길,2010-06-03,화양동 48-14,화양동 34-75,9,399,398.559,10,소로2류,7,하
광진구,길,시군구,주도로,아차산로30길,2010-06-03,자양동 7-25,자양동 6-20,9,243,242.82,10,소로2류,7,하
광진구,길,시군구,주도로,아차산로31길,2010-06-03,화양동 7-3,화양동 10-1,4,349,349.152,10,소로3류,8,하
광진구,길,시군구,주도로,아차산로32길,2010-06-03,자양동 7-6,자양동 5-5,5,243,243.064,10,소로3류,8,하
광진구,길,시군구,주도로,아차산로33길,2010-06-03,화양동 7-2,화양동 12-2,7,482,481.775,10,소로3류,8,하
광진구,길,시군구,주도로,아차산로34길,2010-06-03,자양동 1-3,자양동 2-38,7,243,243.051,10,소로3류,8,하
광진구,길,시군구,주도로,아차산로36길,2010-06-03,자양동 227-336,자양동 783-1,21,306,305.846,10,중로1류,6,하
광진구,길,시군구,주도로,아차산로38길,2010-06-03,자양동 227-6,자양동 227-65,7,135,135.471,10,소로3류,8,하
광진구,길,시군구,주도로,아차산로39가길,2010-06-03,자양동 225-54,자양동 225-74,5,199,198.643,10,소로3류,8,하
광진구,길,시군구,주도로,아차산로39길,2010-06-03,자양동 226-38,자양동 226-28,7,275,275.171,10,소로3류,8,하
광진구,길,시군구,주도로,아차산로40길,2010-06-03,자양동 223-4,자양동 611-33,9,408,408.088,10,소로2류,7,하
광진구,길,시군구,주도로,아차산로41가길,2010-06-03,자양동 225-24,자양동 225-39,4,99,98.611,10,소로3류,8,하
광진구,길,시군구,주도로,아차산로41길,2010-06-03,자양동 224-9,자양동 224-15,8,244,243.88,10,소로2류,7,하
광진구,길,시군구,주도로,아차산로42길,2010-06-03,자양동 222-14,자양동 612-32,5,323,322.589,10,소로3류,8,하
광진구,길,시군구,주도로,아차산로44가길,2010-06-03,자양동 230-1,자양동 612-39,5,163,162.527,10,소로3류,8,하
광진구,길,시군구,주도로,아차산로44길,2010-06-03,자양동 221-1,자양동 229-45,6,268,268.149,10,소로3류,8,하
광진구,길,시군구,주도로,아차산로45길,2010-06-03,자양동 774-14,자양동 774-1,5,205,204.747,10,소로3류,8,하
광진구,길,시군구,주도로,아차산로46가길,2010-06-03,자양동 219-24,자양동 219-2,5,197,196.951,10,소로3류,8,하
광진구,길,시군구,주도로,아차산로46길,2010-06-03,자양동 219-18,자양동 612-47,5,213,212.828,10,소로3류,8,하
광진구,길,시군구,주도로,아차산로46나길,2010-06-03,자양동 218-16,자양동 612-58,5,125,125.209,10,소로3류,8,하
광진구,길,시군구,주도로,아차산로49길,2010-06-03,구의동 246-14,구의동 241-154,5,571,567.429,10,소로3류,8,하
광진구,길,시군구,주도로,아차산로51길,2010-06-03,구의동 246-8,구의동 251-139,13,533,526.175,10,중로3류,7,하
광진구,길,시군구,주도로,아차산로53길,2010-06-03,구의동 246-40,구의동 248-10,5,472,472.18,10,소로3류,8,하
광진구,길,시군구,주도로,아차산로55길,2010-06-03,구의동 246-3,구의동 248-77,7,427,426.997,10,소로3류,8,하
광진구,길,시군구,주도로,아차산로57길,2010-06-03,구의동 243-23,구의동 241-96,7,309,309.302,10,소로3류,8,하
광진구,길,시군구,주도로,아차산로58가길,2010-06-03,구의동 590-10,구의동 590-14,6,134,134.154,10,소로3류,8,하
광진구,길,시군구,주도로,아차산로58길,2010-06-03,자양동 781-1,구의동 592-39,10,454,454.359,10,소로1류,7,하
광진구,길,시군구,주도로,아차산로58나길,2010-06-03,구의동 591-1,구의동 591-17,7,87,87.396,10,소로3류,8,하
광진구,길,시군구,주도로,아차산로59길,2010-06-03,구의동 244-6,구의동 223-1,7,347,346.716,10,소로3류,8,하
광진구,길,시군구,주도로,아차산로60길,2010-06-03,구의동 218-16,구의동 216-5,6,140,139.636,10,소로3류,8,하
광진구,길,시군구,주도로,아차산로61길,2010-06-03,구의동 219-17,구의동 209-7,5,296,295.775,10,소로3류,8,하
광진구,길,시군구,주도로,아차산로62길,2010-06-03,구의동 213-14,구의동 213-13,6,103,103.25,10,소로3류,8,하
광진구,길,시군구,주도로,아차산로63길,2010-06-03,구의동 219-3,구의동 209-77,6,220,219.701,10,소로3류,8,하
광진구,길,시군구,주도로,아차산로65길,2010-06-03,구의동 212-2,구의동 224-65,7,490,489.871,10,소로3류,8,하
광진구,길,시군구,주도로,아차산로66길,2010-06-03,광장동 471-6,광장동 457-25,7,489,488.715,10,소로3류,8,하
광진구,길,시군구,주도로,아차산로69길,2010-06-03,광장동 425-2,광장동 413-9,5,213,212.678,10,소로3류,8,하
광진구,길,시군구,주도로,아차산로70길,2010-06-03,광장동 453-1,광장동 554-7,23,536,536.026,10,중로1류,6,하
광진구,길,시군구,주도로,아차산로73길,2010-06-03,광장동 241-1,광장동 248-22,9,270,270.453,10,소로2류,7,하
광진구,길,시군구,주도로,아차산로75길,2010-06-03,광장동 244-6,광장동 248-24,8,260,259.57,10,소로2류,7,하
광진구,길,시군구,주도로,아차산로76가길,2010-06-03,광장동 549-18,광장동 328-2,9,184,184.067,10,소로2류,7,하
광진구,길,시군구,주도로,아차산로76길,2010-06-03,광장동 337-4,광장동 320-6,11,209,209.362,10,소로1류,7,하
광진구,길,시군구,주도로,아차산로78가길,2010-06-03,광장동 124-0,광장동 325-1,11,315,315.239,10,소로1류,7,하
광진구,길,시군구,주도로,아차산로78길,2010-06-03,광장동 122-0,광장동 323-2,13,937,936.645,10,중로3류,7,하
광진구,길,시군구,주도로,영화사로11길,2010-06-03,구의동 556-6,구의동 549-1,6,226,226.389,10,소로3류,8,하
광진구,길,시군구,주도로,영화사로13길,2010-06-03,구의동 558-10,구의동 552-1,7,216,215.675,10,소로3류,8,하
광진구,길,시군구,주도로,영화사로15길,2010-06-03,구의동 559-8,구의동 552-6,6,144,144.02,10,소로3류,8,하
광진구,길,시군구,주도로,영화사로16가길,2010-06-03,구의동 21-1,구의동 24-23,7,155,154.916,10,소로3류,8,하
광진구,길,시군구,주도로,영화사로16길,2010-06-03,구의동 20-1,구의동 23-29,7,269,268.689,10,소로3류,8,하
광진구,길,시군구,주도로,영화사로16나길,2010-06-03,구의동 21-36,구의동 23-19,6,203,202.859,10,소로3류,8,하
광진구,길,시군구,주도로,영화사로1길,2010-06-03,중곡동 78-39,중곡동 77-4,7,118,118.041,10,소로3류,8,하
광진구,길,시군구,주도로,영화사로20길,2010-06-03,광장동 381-56,광장동 381-60,6,632,631.876,10,소로3류,8,하
광진구,길,시군구,주도로,영화사로3가길,2010-06-03,중곡동 86-31,중곡동 107-16,6,202,201.704,10,소로3류,8,하
광진구,길,시군구,주도로,영화사로3길,2010-06-03,중곡동 83-16,중곡동 102-55,7,549,549.28,10,소로3류,8,하
광진구,길,시군구,주도로,영화사로3나길,2010-06-03,중곡동 102-22,중곡동 102-36,6,160,159.802,10,소로3류,8,하
광진구,길,시군구,주도로,영화사로5길,2010-06-03,중곡동 88-36,중곡동 86-15,7,225,224.886,10,소로3류,8,하
광진구,길,시군구,주도로,영화사로7길,2010-06-03,중곡동 99-11,중곡동 102-1,8,395,395.257,10,소로2류,7,하
광진구,길,시군구,주도로,영화사로9가길,2010-06-03,중곡동 104-5,중곡동 143-139,7,361,361.433,10,소로3류,8,하
광진구,길,시군구,주도로,영화사로9길,2010-06-03,중곡동 107-45,중곡동 73-89,8,485,485.377,10,소로2류,7,하
광진구,길,시군구,주도로,영화사로9나길,2010-06-03,중곡동 104-2,중곡동 104-1,5,173,172.995,10,소로3류,8,하
광진구,길,시군구,주도로,용마산로10길,2010-06-03,중곡동 57-2,중곡동 147-42,6,112,112.244,10,소로3류,8,하
광진구,길,시군구,주도로,용마산로12길,2010-06-03,중곡동 150-101,중곡동 147-24,5,111,111.349,10,소로3류,8,하
광진구,길,시군구,주도로,용마산로14길,2010-06-03,중곡동 150-93,중곡동 150-335,4,111,111.134,10,소로3류,8,하
광진구,길,시군구,주도로,용마산로16길,2010-06-03,중곡동 150-72,중곡동 150-31,7,111,111.186,10,소로3류,8,하
광진구,길,시군구,주도로,용마산로18길,2010-06-03,중곡동 150-66,중곡동 150-44,5,111,111.106,10,소로3류,8,하
광진구,길,시군구,주도로,용마산로1길,2010-06-03,중곡동 116-4,중곡동 139-40,8,614,613.731,10,소로2류,7,하
광진구,길,시군구,주도로,용마산로20길,2010-06-03,중곡동 150-65,중곡동 150-27,5,111,110.929,10,소로3류,8,하
광진구,길,시군구,주도로,용마산로21길,2010-06-03,중곡동 28-1,중곡동 37-4,12,439,438.705,10,중로3류,7,하
광진구,길,시군구,주도로,용마산로22길,2010-06-03,중곡동 18-75,중곡동 176-1,10,416,415.678,10,소로1류,7,하
광진구,길,시군구,주도로,용마산로23길,2010-06-03,중곡동 29-1,중곡동 29-70,8,200,200.26,10,소로2류,7,하
광진구,길,시군구,주도로,용마산로24길,2010-06-03,중곡동 18-29,중곡동 18-59,9,150,149.89,10,소로2류,7,하
광진구,길,시군구,주도로,용마산로25길,2010-06-03,중곡동 29-7,중곡동 29-16,5,153,152.539,10,소로3류,8,하
광진구,길,시군구,주도로,용마산로26길,2010-06-03,중곡동 18-13,중곡동 18-18,5,119,118.555,10,소로3류,8,하
광진구,길,시군구,주도로,용마산로27길,2010-06-03,중곡동 29-29,중곡동 29-41,5,217,217.38,10,소로3류,8,하
광진구,길,시군구,주도로,용마산로28가길,2010-06-03,중곡동 297-16,중곡동 293-28,6,90,89.512,10,소로3류,8,하
광진구,길,시군구,주도로,용마산로28길,2010-06-03,중곡동 18-1,중곡동 176-42,7,450,451.982,10,소로3류,8,하
광진구,길,시군구,주도로,용마산로28나길,2010-06-03,중곡동 296-18,중곡동 296-1,3,133,132.844,10,소로3류,9,하
광진구,길,시군구,주도로,용마산로28다길,2010-06-03,중곡동 176-21,중곡동 176-111,5,119,120.739,10,소로3류,8,하
광진구,길,시군구,주도로,용마산로29길,2010-06-03,중곡동 29-55,중곡동 29-42,4,257,256.627,10,소로3류,8,하
광진구,길,시군구,주도로,용마산로2길,2010-06-03,중곡동 92-9,중곡동 89-10,6,318,317.88,10,소로3류,8,하
광진구,길,시군구,주도로,용마산로30길,2010-06-03,중곡동 290-1,중곡동 176-110,9,349,349.132,10,소로2류,7,하
광진구,길,시군구,주도로,용마산로31길,2010-06-03,중곡동 291-1,중곡동 169-21,7,216,216.234,10,소로3류,8,하
광진구,길,시군구,주도로,용마산로32길,2010-06-03,중곡동 289-10,중곡동 287-15,6,226,226.149,10,소로3류,8,하
광진구,길,시군구,주도로,용마산로33길,2010-06-03,중곡동 290-1,중곡동 199-1,7,258,257.778,10,소로3류,8,하
광진구,길,시군구,주도로,용마산로34길,2010-06-03,중곡동 605-5,중곡동 599-6,7,202,201.776,10,소로3류,8,하
광진구,길,시군구,주도로,용마산로36길,2010-06-03,중곡동 605-1,중곡동 599-2,7,445,445.561,10,소로3류,8,하
광진구,길,시군구,주도로,용마산로3길,2010-06-03,중곡동 117-1,중곡동 139-1,6,542,541.862,10,소로3류,8,하
광진구,길,시군구,주도로,용마산로4길,2010-06-03,중곡동 92-47,중곡동 89-1,6,216,215.813,10,소로3류,8,하
광진구,길,시군구,주도로,용마산로5길,2010-06-03,중곡동 123-1,중곡동 139-29,6,436,435.218,10,소로3류,8,하
광진구,길,시군구,주도로,용마산로6길,2010-06-03,중곡동 80-11,중곡동 79-12,9,133,133.343,10,소로2류,7,하
광진구,길,시군구,주도로,용마산로7길,2010-06-03,중곡동 124-8,중곡동 46-24,9,360,360.253,10,소로2류,7,하
광진구,길,시군구,주도로,용마산로8가길,2010-06-03,중곡동 59-21,중곡동 284-0,8,452,452.238,10,소로2류,7,하
광진구,길,시군구,주도로,용마산로8길,2010-06-03,중곡동 58-17,중곡동 70-10,7,454,453.824,10,소로3류,8,하
광진구,길,시군구,주도로,용마산로8나길,2010-06-03,중곡동 147-24,중곡동 67-1,7,271,271.3,10,소로3류,8,하
광진구,길,시군구,주도로,용마산로8다길,2010-06-03,중곡동 147-23,중곡동 147-52,4,135,134.502,10,소로3류,8,하
광진구,길,시군구,주도로,용마산로8라길,2010-06-03,중곡동 147-74,중곡동 143-84,5,178,178.363,10,소로3류,8,하
광진구,길,시군구,주도로,용마산로8마길,2010-06-03,중곡동 143-26,중곡동 143-94,5,175,175.428,10,소로3류,8,하
광진구,길,시군구,주도로,자양강변길,2009-10-28,자양동 210-22(영동대교북단),자양동 674(잠실대교북단),9,2818,2818.163,10,소로2류,7,하
광진구,길,시군구,주도로,자양로11길,2010-06-03,자양동 628-30,자양동 633-20,7,435,435.228,10,소로3류,8,하
광진구,길,시군구,주도로,자양로13가길,2010-06-03,자양동 623-3,자양동 621-24,6,148,148.167,10,소로3류,8,하
광진구,길,시군구,주도로,자양로13길,2010-06-03,자양동 627-2,자양동 616-29,15,577,577.327,10,중로2류,6,하
광진구,길,시군구,주도로,자양로13나길,2010-06-03,자양동 613-7,자양동 613-7,8,220,220.212,10,소로2류,7,하
광진구,길,시군구,주도로,자양로13다길,2010-06-03,자양동 616-14,자양동 609-0,7,281,281.089,10,소로3류,8,하
광진구,길,시군구,주도로,자양로15길,2010-06-03,자양동 626-5,자양동 614-5,9,589,589.071,10,소로2류,7,하
광진구,길,시군구,주도로,자양로16길,2010-06-03,자양동 216-25,자양동 216-9,5,181,180.996,10,소로3류,8,하
광진구,길,시군구,주도로,자양로18길,2010-06-03,구의동 252-90,구의동 221-6,11,538,538.38,10,소로1류,7,하
광진구,길,시군구,주도로,자양로19가길,2010-06-03,자양동 771-31,자양동 771-18,5,105,105.355,10,소로3류,8,하
광진구,길,시군구,주도로,자양로19길,2010-06-03,자양동 769-10,자양동 773-0,5,418,417.739,10,소로3류,8,하
광진구,길,시군구,주도로,자양로21길,2010-06-03,자양동 769-8,자양동 769-29,7,294,293.738,10,소로3류,8,하
광진구,길,시군구,주도로,자양로22길,2010-06-03,구의동 251-53,구의동 241-9,7,465,465.091,10,소로3류,8,하
광진구,길,시군구,주도로,자양로23가길,2010-06-03,구의동 654-6,구의동 650-1,5,229,228.678,10,소로3류,8,하
광진구,길,시군구,주도로,자양로23길,2010-06-03,자양동 765-7,구의동 634-1,7,446,445.762,10,소로3류,8,하
광진구,길,시군구,주도로,자양로23나길,2010-06-03,구의동 654-10,구의동 651-1,6,136,135.932,10,소로3류,8,하
광진구,길,시군구,주도로,자양로25길,2010-06-03,구의동 254-108,구의동 254-104,4,110,109.523,10,소로3류,8,하
광진구,길,시군구,주도로,자양로26길,2010-06-03,구의동 250-21,구의동 222-31,7,535,535.44,10,소로3류,8,하
광진구,길,시군구,주도로,자양로28가길,2010-06-03,구의동 236-8,구의동 236-57,5,171,171.389,10,소로3류,8,하
광진구,길,시군구,주도로,자양로28길,2010-06-03,구의동 236-53,구의동 225-25,6,519,518.71,10,소로3류,8,하
광진구,길,시군구,주도로,자양로29길,2010-06-03,구의동 254-1,구의동 634-4,6,125,124.589,10,소로3류,8,하
광진구,길,시군구,주도로,자양로2길,2010-06-03,자양동 686-0,자양동 688-5,7,235,234.84,10,소로3류,8,하
광진구,길,시군구,주도로,자양로30길,2010-06-03,구의동 235-37,구의동 226-62,6,493,493.349,10,소로3류,8,하
광진구,길,시군구,주도로,자양로32길,2010-06-03,구의동 234-25,구의동 229-5,7,485,484.799,10,소로3류,8,하
광진구,길,시군구,주도로,자양로33길,2010-06-03,구의동 620-29,구의동 617-7,6,308,307.752,10,소로3류,8,하
광진구,길,시군구,주도로,자양로34길,2010-06-03,구의동 68-26,구의동 67-5,4,130,129.682,10,소로3류,8,하
광진구,길,시군구,주도로,자양로35길,2010-06-03,구의동 80-61,구의동 612-7,4,223,254.901,10,소로3류,8,하
광진구,길,시군구,주도로,자양로36길,2010-06-03,구의동 69-21,구의동 65-10,6,129,129.058,10,소로3류,8,하
광진구,길,시군구,주도로,자양로37가길,2010-06-03,구의동 80-5,구의동 80-18,5,117,116.506,10,소로3류,8,하
광진구,길,시군구,주도로,자양로37길,2010-06-03,구의동 80-8,구의동 612-1,8,461,461.48,10,소로2류,7,하
광진구,길,시군구,주도로,자양로38길,2010-06-03,구의동 70-27,구의동 61-21,7,333,333.483,10,소로3류,8,하
광진구,길,시군구,주도로,자양로39길,2010-06-03,구의동 79-8,구의동 77-61,6,160,160.381,10,소로3류,8,하
광진구,길,시군구,주도로,자양로3가길,2010-06-03,자양동 667-34,자양동 673-0,7,259,258.934,10,소로3류,8,하
광진구,길,시군구,주도로,자양로3길,2010-06-03,자양동 677-22,자양동 666-0,9,379,378.619,10,소로2류,7,하
광진구,길,시군구,주도로,자양로40길,2010-06-03,구의동 71-9,구의동 60-88,7,297,296.78,10,소로3류,8,하
광진구,길,시군구,주도로,자양로41길,2010-06-03,구의동 78-2,구의동 77-33,6,172,172.193,10,소로3류,8,하
광진구,길,시군구,주도로,자양로42길,2010-06-03,구의동 73-3,구의동 59-39,7,285,285.367,10,소로3류,8,하
광진구,길,시군구,주도로,자양로43길,2010-06-03,구의동 54-11,중곡동 80-1,7,772,771.531,10,소로3류,8,하
광진구,길,시군구,주도로,자양로44가길,2010-06-03,구의동 46-42,구의동 46-1,6,161,160.898,10,소로3류,8,하
광진구,길,시군구,주도로,자양로44길,2010-06-03,구의동 56-2,구의동 33-1,7,806,806.407,10,소로3류,8,하
광진구,길,시군구,주도로,자양로44나길,2010-06-03,구의동 45-12,구의동 45-25,7,213,213.259,10,소로3류,8,하
광진구,길,시군구,주도로,자양로44다길,2010-06-03,구의동 43-10,구의동 35-36,7,194,193.755,10,소로3류,8,하
광진구,길,시군구,주도로,자양로45길,2010-06-03,구의동 55-13,중곡동 91-1,7,614,613.535,10,소로3류,8,하
광진구,길,시군구,주도로,자양로46길,2010-06-03,구의동 47-19,구의동 47-31,6,173,173.029,10,소로3류,8,하
광진구,길,시군구,주도로,자양로47길,2010-06-03,구의동 50-9,구의동 50-1,7,105,105.206,10,소로3류,8,하
광진구,길,시군구,주도로,자양로48길,2010-06-03,구의동 48-8,구의동 33-80,7,352,351.761,10,소로3류,8,하
광진구,길,시군구,주도로,자양로49길,2010-06-03,구의동 49-10,중곡동 51-1,7,146,146.394,10,소로3류,8,하
광진구,길,시군구,주도로,자양로4가길,2010-06-03,자양동 685-15,자양동 685-2,7,76,75.513,10,소로3류,8,하
광진구,길,시군구,주도로,자양로4길,2010-06-03,자양동 685-15,구의동 695-1,9,525,525.259,10,소로2류,7,하
광진구,길,시군구,주도로,자양로4나길,2010-06-03,자양동 686-13,자양동 686-2,5,266,265.59,10,소로3류,8,하
광진구,길,시군구,주도로,자양로50가길,2010-06-03,구의동 31-15,구의동 26-1,7,235,234.589,10,소로3류,8,하
광진구,길,시군구,주도로,자양로50길,2010-06-03,구의동 31-18,구의동 23-29,9,492,492.1,10,소로2류,7,하
광진구,길,시군구,주도로,자양로51길,2010-06-03,구의동 30-13,중곡동 96-1,7,366,365.61,10,소로3류,8,하
광진구,길,시군구,주도로,자양로52길,2010-06-03,구의동 26-20,구의동 24-14,7,150,150.197,10,소로3류,8,하
광진구,길,시군구,주도로,자양로53길,2010-06-03,구의동 28-28,중곡동 90-1,9,594,593.911,10,소로2류,7,하
광진구,길,시군구,주도로,자양로54길,2010-06-03,구의동 143-4,구의동 23-25,7,222,221.536,10,소로3류,8,하
광진구,길,시군구,주도로,자양로5길,2010-06-03,자양동 677-7,자양동 663-0,9,314,313.679,10,소로2류,7,하
광진구,길,시군구,주도로,자양로6길,2010-06-03,자양동 681-40,자양동 683-24,7,296,296.42,10,소로3류,8,하
광진구,길,시군구,주도로,자양로7길,2010-06-03,자양동 658-16,자양동 660-0,9,240,239.832,10,소로2류,7,하
광진구,길,시군구,주도로,자양로9길,2010-06-03,자양동 657-4,자양동 653-47,7,435,434.653,10,소로3류,8,하
광진구,길,시군구,주도로,자양번영로10길,2010-06-03,자양동 799-5,자양동 802-3,4,132,132.018,10,소로3류,8,하
광진구,길,시군구,주도로,자양번영로11길,2010-06-03,자양동 227-133,자양동 227-211,6,202,201.845,10,소로3류,8,하
광진구,길,시군구,주도로,자양번영로12길,2010-06-03,자양동 799-0,자양동 798-2,5,138,137.891,10,소로3류,8,하
광진구,길,시군구,주도로,자양번영로13길,2010-06-03,자양동 227-128,자양동 227-57,5,193,192.983,10,소로3류,8,하
광진구,길,시군구,주도로,자양번영로1길,2010-06-03,자양동 590-4,자양동 587-6,7,303,303.291,10,소로3류,8,하
광진구,길,시군구,주도로,자양번영로2길,2010-06-03,자양동 600-15,자양동 595-31,8,337,336.785,10,소로2류,7,하
광진구,길,시군구,주도로,자양번영로3가길,2010-06-03,자양동 584-0,자양동 590-5,6,212,211.953,10,소로3류,8,하
광진구,길,시군구,주도로,자양번영로3길,2010-06-03,자양동 584-3,자양동 787-0,6,401,400.799,10,소로3류,8,하
광진구,길,시군구,주도로,자양번영로3나길,2010-06-03,자양동 585-0,자양동 589-16,6,214,214.397,10,소로3류,8,하
광진구,길,시군구,주도로,자양번영로3다길,2010-06-03,자양동 586-1,자양동 586-24,6,170,170.015,10,소로3류,8,하
광진구,길,시군구,주도로,자양번영로4길,2010-06-03,자양동 601-15,자양동 605-30,6,352,352.155,10,소로3류,8,하
광진구,길,시군구,주도로,자양번영로5길,2010-06-03,자양동 583-19,자양동 462-21,6,254,253.559,10,소로3류,8,하
광진구,길,시군구,주도로,자양번영로6길,2010-06-03,자양동 608-21,자양동 606-45,9,364,363.944,10,소로2류,7,하
광진구,길,시군구,주도로,자양번영로7길,2010-06-03,자양동 227-283,자양동 227-289,5,91,90.905,10,소로3류,8,하
광진구,길,시군구,주도로,자양번영로8길,2010-06-03,자양동 611-5,자양동 612-17,6,159,158.598,10,소로3류,8,하
광진구,길,시군구,주도로,자양번영로9길,2010-06-03,자양동 227-262,자양동 227-282,4,91,91.445,10,소로3류,8,하
광진구,길,행안부,주도로,중랑천동자전거길,2021-02-26,서울특별시 광진구 중곡동 680-16제(462),서울특별시 광진구 중곡동 597-6도(610),3,31688,1468.431,20,소로3류,6,하
광진구,길,시군구,주도로,천호대로101길,2010-06-03,중곡동 612-8,중곡동 614-17,9,304,304.331,10,소로2류,7,하
광진구,길,시군구,주도로,천호대로102길,2010-06-03,군자동 463-9,군자동 194-10,10,376,375.65,10,소로1류,7,하
광진구,길,시군구,주도로,천호대로103길,2010-06-03,중곡동 636-3,중곡동 633-10,6,144,143.596,10,소로3류,8,하
광진구,길,시군구,주도로,천호대로104가길,2010-06-03,군자동 93-30,군자동 93-40,4,87,86.767,10,소로3류,8,하
광진구,길,시군구,주도로,천호대로104길,2010-06-03,군자동 466-17,군자동 469-10,7,258,257.64,10,소로3류,8,하
광진구,길,시군구,주도로,천호대로104나길,2010-06-03,군자동 93-58,군자동 34-2,4,130,129.705,10,소로3류,8,하
광진구,길,시군구,주도로,천호대로105길,2010-06-03,중곡동 636-7,중곡동 632-13,7,142,142.435,10,소로3류,8,하
광진구,길,시군구,주도로,천호대로107길,2010-06-03,중곡동 639-7,중곡동 644-1,6,301,301.244,10,소로3류,8,하
광진구,길,시군구,주도로,천호대로109길,2010-06-03,중곡동 157-4,중곡동 48-1,7,467,466.918,10,소로3류,8,하
광진구,길,시군구,주도로,천호대로110길,2010-06-03,능동 220-4,능동 314-9,6,652,652.378,10,소로3류,8,하
광진구,길,시군구,주도로,천호대로111길,2010-06-03,중곡동 341-7,중곡동 141-2,12,313,312.596,10,중로3류,7,하
광진구,길,시군구,주도로,천호대로112길,2010-06-03,능동 236-1,능동 197-5,10,398,396.041,10,소로1류,7,하
광진구,길,시군구,주도로,천호대로113길,2010-06-03,중곡동 140-2,중곡동 150-238,7,474,474.489,10,소로3류,8,하
광진구,길,시군구,주도로,천호대로114길,2010-06-03,능동 237-5,능동 177-38,6,381,382.287,10,소로3류,8,하
광진구,길,시군구,주도로,천호대로115길,2010-06-03,중곡동 140-26,중곡동 134-52,6,288,288.498,10,소로3류,8,하
광진구,길,시군구,주도로,천호대로116길,2010-06-03,능동 246-1,능동 156-2,7,593,593.323,10,소로3류,8,하
광진구,길,시군구,주도로,천호대로117길,2010-06-03,중곡동 132-24,중곡동 150-255,7,549,548.638,10,소로3류,8,하
광진구,길,시군구,주도로,천호대로118길,2010-06-03,능동 247-1,능동 243-5,7,288,288.471,10,소로3류,8,하
광진구,길,시군구,주도로,천호대로119길,2010-06-03,중곡동 131-5,중곡동 127-65,7,494,493.559,10,소로3류,8,하
광진구,길,시군구,주도로,천호대로120길,2010-06-03,능동 247-6,능동 251-4,7,308,307.716,10,소로3류,8,하
광진구,길,시군구,주도로,천호대로121길,2010-06-03,중곡동 119-12,중곡동 127-78,5,492,491.624,10,소로3류,8,하
광진구,길,시군구,주도로,천호대로122길,2010-06-03,능동 256-12,능동 253-7,7,198,197.753,10,소로3류,8,하
광진구,길,시군구,주도로,천호대로123길,2010-06-03,중곡동 119-33,중곡동 127-2,7,558,557.699,10,소로3류,8,하
광진구,길,시군구,주도로,천호대로124길,2010-06-03,능동 256-5,능동 242-33,9,660,660.11,10,소로2류,7,하
광진구,길,시군구,주도로,천호대로125길,2010-06-03,중곡동 119-7,중곡동 122-1,7,393,392.608,10,소로3류,8,하
광진구,길,시군구,주도로,천호대로127길,2010-06-03,중곡동 93-13,중곡동 98-42,6,418,417.863,10,소로3류,8,하
광진구,길,시군구,주도로,천호대로129길,2010-06-03,중곡동 115-9,중곡동 109-5,6,452,451.669,10,소로3류,8,하
광진구,길,시군구,주도로,천호대로130길,2010-06-03,구의동 75-1,구의동 616-2,6,440,439.708,10,소로3류,8,하
광진구,길,시군구,주도로,천호대로131길,2010-06-03,구의동 53-6,구의동 52-9,6,134,133.579,10,소로3류,8,하
광진구,길,시군구,주도로,천호대로132길,2010-06-03,구의동 75-19,구의동 616-25,7,395,394.847,10,소로3류,8,하
광진구,길,시군구,주도로,천호대로134길,2010-06-03,구의동 73-6,구의동 70-20,7,372,372.175,10,소로3류,8,하
광진구,길,시군구,주도로,천호대로135길,2010-06-03,구의동 57-79,구의동 57-45,5,149,148.579,10,소로3류,8,하
광진구,길,시군구,주도로,천호대로136길,2010-06-03,구의동 73-9,구의동 64-18,8,378,378.036,10,소로2류,7,하
광진구,길,시군구,주도로,천호대로137길,2010-06-03,구의동 57-30,구의동 48-1,7,358,358.218,10,소로3류,8,하
광진구,길,시군구,주도로,천호대로138길,2010-06-03,구의동 59-14,구의동 61-21,5,341,339.039,10,소로3류,8,하
광진구,길,시군구,주도로,천호대로140길,2010-06-03,광장동 396-13,광장동 414-8,10,510,510.297,10,소로1류,7,하
광진구,길,시군구,주도로,천호대로141길,2010-06-03,광장동 394-28,광장동 394-2,7,119,119.38,10,소로3류,8,하
광진구,길,시군구,주도로,천호대로143길,2010-06-03,광장동 246-11,광장동 257-3,9,215,215.264,10,소로2류,7,하
광진구,길,시군구,주도로,천호대로145길,2010-06-03,광장동 244-28,광장동 245-12,6,97,96.901,10,소로3류,8,하
광진구,길,행안부,주도로,한강북자전거길,2021-02-26,서울특별시 광진구 자양동 158-17천(2712),서울특별시 광진구 광장동 564천(3396),2,50356,6826.086,20,소로3류,6,하
